{
  "SARIMA": {
    "u_max_per_link": [
      1.7703614108287022,
      2.5662076945889774,
      1.6162919421772313,
      2.43261328893702,
      1.865140071012484,
      2.22420737875799,
      2.047488558620984,
      2.0582639677874677,
      3.471326104087826,
      2.430378088575788,
      1.7743303337011116,
      3.2051320309351508,
      2.082097631273153,
      3.009857295043708,
      1.6613954603192689,
      2.2105511085352125,
      1.7744140221829634,
      2.9010971959658995,
      3.7902183868355346,
      7.079919452110041,
      3.4783947963687902,
      2.610594654769784,
      2.4000934039706765,
      8.670191730304222,
      2.931423809429692,
      2.6877797459798334,
      2.7393011641300644,
      2.0571518806396383,
      2.6298450974734764,
      2.2489918329588723,
      4.809625392621021,
      3.216089033743694,
      2.409675973413658,
      2.27116377867689,
      2.1072139746754135,
      4.202214775236853,
      2.032382391159899,
      3.0260102130501836,
      2.079963878576331,
      1.4864296049839678,
      4.311510797417215,
      1.7128748525150128,
      1.8257457465271285,
      4.874830513841902,
      2.373867482500297,
      2.8300886581745868,
      1.803986520914016,
      1.8862124401263038
    ],
    "f_over_per_link": [
      0.09323116219667944,
      0.12260536398467432,
      0.1123882503192848,
      0.5466155810983397,
      0.24265644955300128,
      0.6564495530012772,
      0.20945083014048532,
      0.10727969348659004,
      0.685823754789272,
      0.18646232439335889,
      0.0561941251596424,
      0.29246487867177523,
      0.2822477650063857,
      0.8160919540229885,
      0.12260536398467432,
      0.4444444444444444,
      0.3167305236270754,
      0.1136653895274585,
      0.6577266922094508,
      0.5887611749680716,
      0.565772669220945,
      0.3205619412515964,
      0.524904214559387,
      0.822477650063857,
      0.6168582375478927,
      0.6896551724137931,
      0.5006385696040868,
      0.5363984674329502,
      0.21966794380587484,
      0.4355044699872286,
      0.34738186462324394,
      0.11494252873563218,
      0.3652618135376756,
      0.5363984674329502,
      0.5964240102171137,
      0.7203065134099617,
      0.4827586206896552,
      0.6283524904214559,
      0.5223499361430396,
      0.140485312899106,
      0.929757343550447,
      0.23627075351213284,
      0.16475095785440613,
      0.6590038314176245,
      0.07535121328224777,
      0.6334610472541508,
      0.1136653895274585,
      0.1673052362707535
    ],
    "u_max_mean": 2.785103032634499,
    "u_max_max": 8.670191730304222,
    "u_max_median": 2.4048846886921673,
    "f_over_mean": 0.40251170710940826,
    "f_over_max": 0.929757343550447,
    "links_over_110": 48,
    "links_over_100": 48
  },
  "LSTM": {
    "u_max_per_link": [
      1.7024024724960327,
      2.358405590057373,
      1.6480146646499634,
      1.7564048767089844,
      1.7848044633865356,
      1.3867413997650146,
      1.7923749685287476,
      1.8627334833145142,
      1.4077786207199097,
      2.402604818344116,
      1.7765345573425293,
      2.624739170074463,
      1.6652621030807495,
      1.465099811553955,
      1.6856719255447388,
      1.7859525680541992,
      1.363297462463379,
      2.7397217750549316,
      1.9846925735473633,
      3.381816864013672,
      2.4284350872039795,
      2.2633583545684814,
      1.8115969896316528,
      2.583735466003418,
      2.032366991043091,
      1.560328483581543,
      2.134845018386841,
      1.5331990718841553,
      2.2887871265411377,
      1.70399808883667,
      3.3987014293670654,
      3.0670838356018066,
      2.1523332595825195,
      1.5970780849456787,
      1.48826265335083,
      1.859938144683838,
      1.6482447385787964,
      1.9687786102294922,
      1.440566062927246,
      1.4874277114868164,
      1.4652990102767944,
      1.5503607988357544,
      1.6569671630859375,
      2.0147242546081543,
      2.358964204788208,
      1.483322262763977,
      1.8362574577331543,
      1.8385546207427979
    ],
    "f_over_per_link": [
      0.06768837803320563,
      0.07662835249042145,
      0.13537675606641125,
      0.16347381864623245,
      0.19029374201787994,
      0.07535121328224777,
      0.09067688378033206,
      0.05236270753512133,
      0.06513409961685823,
      0.17113665389527458,
      0.0561941251596424,
      0.14559386973180077,
      0.06385696040868455,
      0.07535121328224777,
      0.14559386973180077,
      0.12899106002554278,
      0.06130268199233716,
      0.08556832694763729,
      0.08556832694763729,
      0.11877394636015326,
      0.08684546615581099,
      0.15964240102171137,
      0.12899106002554278,
      0.08173690932311622,
      0.12260536398467432,
      0.08556832694763729,
      0.1839080459770115,
      0.10089399744572158,
      0.10217113665389528,
      0.10600255427841634,
      0.13026819923371646,
      0.09450830140485313,
      0.1966794380587484,
      0.09323116219667944,
      0.09961685823754789,
      0.10344827586206896,
      0.14687100893997446,
      0.17624521072796934,
      0.07535121328224777,
      0.140485312899106,
      0.07662835249042145,
      0.1111111111111111,
      0.09195402298850575,
      0.09450830140485313,
      0.07151979565772669,
      0.04725415070242656,
      0.12643678160919541,
      0.13665389527458494
    ],
    "u_max_mean": 1.942261815071106,
    "u_max_max": 3.3987014293670654,
    "u_max_median": 1.7891638278961182,
    "f_over_mean": 0.10887611749680715,
    "f_over_max": 0.1966794380587484,
    "links_over_110": 48,
    "links_over_100": 48
  },
  "Oracle": {
    "u_max_per_link": [
      1.4521028995513916,
      1.962963581085205,
      1.2856462001800537,
      1.3534674644470215,
      1.3636980056762695,
      1.2069271802902222,
      1.5164144039154053,
      1.6755075454711914,
      1.2618662118911743,
      1.7714686393737793,
      1.6022061109542847,
      1.9707691669464111,
      1.4794148206710815,
      1.2795065641403198,
      1.3592439889907837,
      1.4362215995788574,
      1.224680781364441,
      2.2906768321990967,
      1.6722687482833862,
      2.6842212677001953,
      2.0811312198638916,
      1.7411925792694092,
      1.4228931665420532,
      2.1634180545806885,
      1.6432796716690063,
      1.3122466802597046,
      1.5657994747161865,
      1.2812798023223877,
      1.9377583265304565,
      1.3957674503326416,
      2.586000442504883,
      2.4800639152526855,
      1.6320381164550781,
      1.3292653560638428,
      1.2814452648162842,
      1.561026692390442,
      1.2816177606582642,
      1.522544264793396,
      1.2724671363830566,
      1.1721155643463135,
      1.2478420734405518,
      1.2775317430496216,
      1.3851786851882935,
      1.671074628829956,
      2.0524516105651855,
      1.3507578372955322,
      1.4678279161453247,
      1.5102952718734741
    ],