{
  "per_link": {
    "rmse": [
      21.644678115844727,
      12.036642074584961,
      23.392316818237305,
      10.56706714630127,
      22.880868911743164,
      21.190603256225586,
      14.679292678833008,
      14.496843338012695,
      20.628122329711914,
      20.38664436340332,
      19.914241790771484,
      12.08204174041748,
      14.709585189819336,
      18.34027099609375,
      16.296611785888672,
      18.025217056274414,
      22.031694412231445,
      10.440481185913086,
      13.880500793457031,
      4.788789749145508,
      17.585145950317383,
      13.22356128692627,
      16.02945327758789,
      11.474410057067871,
      16.465763092041016,
      18.75861930847168,
      19.266633987426758,
      17.445148468017578,
      17.384443283081055,
      19.149707794189453,
      7.10676383972168,
      9.50417709350586,
      13.456955909729004,
      25.259750366210938,
      17.516199111938477,
      10.137677192687988,
      24.535799026489258,
      12.011367797851562,
      22.777210235595703,
      14.876989364624023,
      13.714739799499512,
      19.770998001098633,
      15.490084648132324,
      14.005864143371582,
      15.010190963745117,
      16.57120704650879,
      11.490063667297363,
      20.481552124023438
    ],
    "mae": [
      15.611466407775879,
      8.519455909729004,
      17.617509841918945,
      7.941544532775879,
      17.231000900268555,
      16.009521484375,
      11.090776443481445,
      10.442546844482422,
      15.805254936218262,
      14.487314224243164,
      14.405448913574219,
      8.603878021240234,
      10.974873542785645,
      13.693278312683105,
      12.185973167419434,
      13.713521957397461,
      17.23865509033203,
      7.124872207641602,
      10.182879447937012,
      3.2121822834014893,
      12.2133150100708,
      9.740326881408691,
      12.094536781311035,
      8.089334487915039,
      12.24077320098877,
      13.975518226623535,
      14.075961112976074,
      13.458438873291016,
      12.4934720993042,
      14.065481185913086,
      4.553795337677002,
      6.752532482147217,
      9.941984176635742,
      18.478782653808594,
      13.493918418884277,
      7.380013942718506,
      18.142169952392578,
      9.348668098449707,
      16.95211410522461,
      11.411898612976074,
      10.144427299499512,
      14.909738540649414,
      11.855582237243652,
      9.936052322387695,
      10.851858139038086,
      12.622065544128418,
      8.6644287109375,
      15.649463653564453
    ],
    "mape": [
      20.727792739868164,
      46.671321868896484,
      18.348941802978516,
      27.261552810668945,
      19.11703109741211,
      16.215137481689453,
      23.106353759765625,
      24.121623992919922,
      21.331592559814453,
      28.76665496826172,
      17.098651885986328,
      44.12555694580078,
      21.58009910583496,
      17.317350387573242,
      15.718070983886719,
      18.64853286743164,
      18.170677185058594,
      43.05843734741211,
      27.14484405517578,
      42.021018981933594,
      18.892921447753906,
      25.82756233215332,
      21.997615814208984,
      38.52268981933594,
      22.285429000854492,
      19.39305877685547,
      24.46304702758789,
      17.868467330932617,
      21.790246963500977,
      20.404356002807617,
      48.75686264038086,
      48.89107894897461,
      21.13758087158203,
      16.46452522277832,
      16.58450698852539,
      31.045991897583008,
      16.92692756652832,
      31.825075149536133,
      17.672449111938477,
      18.851266860961914,
      22.23303985595703,
      19.154197692871094,
      25.608301162719727,
      34.228336334228516,
      43.25162124633789,
      21.703784942626953,
      24.661502838134766,
      18.295467376708984
    ]
  },
  "aggregated": {
    "rmse_mean": 16.310686111450195,
    "rmse_median": 16.381187438964844,
    "rmse_p90": 22.255348205566406,
    "mae_mean": 12.07559585571289,
    "mae_median": 12.199644088745117,
    "mae_p90": 17.03577995300293,
    "mape_mean": 25.401857376098633,
    "mape_median": 21.747015953063965,
    "mape_p90": 43.11639251708984
  }
}