{
  "per_link": {
    "rmse": [
      38.52861860881436,
      20.938346532333277,
      29.588145827069226,
      12.729503412580554,
      23.214545413687382,
      37.21042064900713,
      19.993316168678945,
      25.73739819778111,
      77.71713207014308,
      22.18451898273531,
      37.8812264834233,
      14.640539716944208,
      23.300708272749684,
      41.07295138872327,
      19.068609316180137,
      20.488445438671317,
      41.469667556876665,
      16.219645531957763,
      22.889636014405152,
      6.3677474698328025,
      23.134454348091758,
      13.853709442223096,
      18.718097568437138,
      22.68932404734446,
      20.851799327092237,
      32.34122559760679,
      21.626419693576125,
      21.799805557865103,
      27.160700411248676,
      23.51022756572736,
      9.998567625404622,
      17.676414287993328,
      13.839821689841113,
      38.169285331746714,
      24.665374255451987,
      18.67049280887293,
      28.0002115944462,
      15.333542356227328,
      31.48883644912243,
      18.23960128678293,
      35.242056170541616,
      21.66389147605349,
      22.437481003509877,
      27.122904479400482,
      29.867647383462206,
      31.393065394903356,
      15.052588846041722,
      24.599141344213205
    ],
    "mae": [
      32.221772753789985,
      17.359312189139622,
      24.247690396752798,
      9.836028548019055,
      17.742310478874963,
      29.505093358467732,
      16.004657747432493,
      21.610279288087828,
      64.28633786608985,
      16.893303857351416,
      31.994933506361374,
      11.345844877541277,
      19.174481537677327,
      33.73532041333365,
      15.231193962071794,
      15.745382718108699,
      35.47319541771317,
      12.909792878671741,
      17.918684341210298,
      4.719999629088019,
      17.344350668108135,
      10.41163371308376,
      13.982705073766958,
      17.758107371406336,
      15.441066883561758,
      25.656479926060264,
      15.561401076312604,
      16.960254902239047,
      21.908533108480995,
      18.260654595826644,
      7.630769824980612,
      14.542564005363243,
      10.204280587098072,
      30.589340026887772,
      19.385241639252783,
      14.784089369573016,
      20.200297094875914,
      11.95138230369342,
      24.77702623069139,
      14.78508361793795,
      30.272598693025607,
      16.63817527303114,
      18.21511554784759,
      21.429295461056196,
      25.234698315190958,
      25.41351351877881,
      12.387652181109997,
      20.009454947714655
    ],
    "mape": [
      52.28179603782981,
      128.65879338713867,
      28.299659964178396,
      29.86966985801265,
      20.035107739317485,
      26.32016847486837,
      37.63845232510963,
      61.60732097757538,
      60.204187193907686,
      36.999848521628095,
      44.70243814183553,
      69.24562716688175,
      43.71958388747309,
      35.48299136982329,
      21.231801548178954,
      20.303375036690653,
      41.55920340841923,
      101.2822090681295,
      42.80649421393687,
      55.72750558636413,
      24.929285776137238,
      27.221080343360367,
      22.515855531388244,
      58.320490468305074,
      23.92639292024819,
      30.33271481193518,
      24.294547884316298,
      20.394580995503837,
      46.18585117018548,
      25.655306560886714,
      102.65874494398575,
      156.81419350444529,
      21.247258815665717,
      26.24231094258458,
      21.063721263474672,
      47.38718175335864,
      17.21691529715459,
      33.48416350100341,
      24.343319137145315,
      26.974905040874596,
      52.054337660968365,
      21.98779242677601,
      45.8402685543751,
      57.668732006062484,
      122.62407555317458,
      37.034331378761856,
      39.1041381848453,
      25.594952908283357
    ]
  },
  "aggregated": {
    "rmse_mean": 25.008079383246308,
    "rmse_median": 22.789480030874806,
    "rmse_p90": 37.967644137920324,
    "mae_mean": 19.99357045255706,
    "mae_median": 17.750208925140647,
    "mae_p90": 31.011018070729857,
    "mape_mean": 44.60611840088554,
    "mape_median": 36.241419945725696,
    "mape_p90": 78.85660173725621
  }
}